id_producto,nombre_producto,categoria,precio,stock
PROD_0000,,Accesorios,1036.26,94.0
PROD_0001,Monitor,Computación,1094.44,41.0
PROD_0002,,Computación,488.51,243.0
PROD_0003,Mouse,Accesorios,1055.28,168.0
PROD_0004,Cámara,Electrónica,623.22,450.0
PROD_0005,Smartphone,Computación,138.47,56.0
PROD_0006,Laptop,Computación,21.52,432.0
PROD_0007,Cámara,Electrónica,861.09,223.0
PROD_0008,Cámara,Electrónica,549.55,
PROD_0009,,Accesorios,170.07,291.0
PROD_0010,Tablet,Accesorios,187.27,239.0
PROD_0011,,Computación,1371.22,13.0
PROD_0012,Laptop,Electrónica,1060.91,219.0
PROD_0013,Laptop,Computación,977.49,436.0
PROD_0014,Smartphone,Accesorios,917.83,346.0
PROD_0015,Mouse,Accesorios,1266.65,379.0
PROD_0016,,Electrónica,736.05,249.0
PROD_0017,Smartphone,Accesorios,,197.0
PROD_0018,Teclado,Computación,757.65,277.0
PROD_0019,Monitor,Accesorios,,13.0
PROD_0020,Laptop,Computación,1221.7,71.0
PROD_0021,Laptop,Electrónica,813.51,398.0
PROD_0022,Teclado,Electrónica,139.6,149.0
PROD_0023,Mouse,Electrónica,316.38,181.0
PROD_0024,Laptop,Electrónica,1333.34,23.0
PROD_0025,Teclado,Computación,1294.66,58.0
PROD_0026,Laptop,Electrónica,1316.22,94.0
PROD_0027,Monitor,Accesorios,284.82,220.0
PROD_0028,Teclado,Accesorios,804.69,308.0
PROD_0029,Mouse,Electrónica,,339.0
PROD_0030,,Electrónica,1215.51,141.0
PROD_0031,,Accesorios,,482.0
PROD_0032,Laptop,Computación,1324.96,151.0
PROD_0033,Tablet,Electrónica,717.48,99.0
PROD_0034,Monitor,Accesorios,97.7,97.0
PROD_0035,Teclado,Computación,747.66,178.0
PROD_0036,Mouse,Accesorios,1298.91,242.0
PROD_0037,Monitor,Computación,549.54,346.0
PROD_0038,Cámara,Computación,44.02,
PROD_0039,Smartphone,Computación,22.86,377.0
PROD_0040,Monitor,Electrónica,102.46,202.0
PROD_0041,Smartphone,Accesorios,1245.86,129.0
PROD_0042,Mouse,Accesorios,94.54,186.0
PROD_0043,Laptop,Computación,,440.0
PROD_0044,Teclado,Accesorios,1017.01,316.0
PROD_0045,Mouse,Electrónica,1073.74,
PROD_0046,,Computación,995.12,211.0
PROD_0047,Tablet,Accesorios,819.01,481.0
PROD_0048,,Electrónica,,291.0
PROD_0049,Cámara,Accesorios,757.03,412.0
PROD_0050,Cámara,Electrónica,,336.0
PROD_0051,Laptop,Accesorios,325.64,337.0
PROD_0052,Teclado,Computación,760.49,74.0
PROD_0053,Laptop,Computación,450.36,491.0
PROD_0054,Teclado,Electrónica,,114.0
PROD_0055,Tablet,Electrónica,,294.0
PROD_0056,Cámara,Electrónica,390.39,412.0
PROD_0057,,Electrónica,1111.87,328.0
PROD_0058,Smartphone,Accesorios,,
PROD_0059,Tablet,Electrónica,314.45,210.0
PROD_0060,Mouse,Accesorios,,301.0
PROD_0061,Tablet,Electrónica,1183.58,125.0
PROD_0062,Mouse,Accesorios,61.7,173.0
PROD_0063,Mouse,Computación,1185.0,214.0
PROD_0064,Teclado,Electrónica,1030.13,264.0
PROD_0065,Tablet,Accesorios,,277.0
PROD_0066,Cámara,Electrónica,,253.0
PROD_0067,Cámara,Accesorios,820.26,168.0
PROD_0068,Teclado,Accesorios,1338.48,87.0
PROD_0069,Laptop,Computación,758.48,489.0
PROD_0070,Monitor,Computación,424.97,348.0
PROD_0071,,Computación,294.4,44.0
PROD_0072,Tablet,Accesorios,1071.59,127.0
PROD_0073,Tablet,Accesorios,725.59,328.0
PROD_0074,Tablet,Electrónica,1345.62,454.0
PROD_0075,Cámara,Computación,1217.82,410.0
PROD_0076,Monitor,Accesorios,1387.37,295.0
PROD_0077,Teclado,Accesorios,921.57,481.0
PROD_0078,Teclado,Electrónica,1050.88,471.0
PROD_0079,Mouse,Computación,1430.71,38.0
PROD_0080,Smartphone,Computación,,274.0
PROD_0081,Laptop,Electrónica,866.1,87.0
PROD_0082,Smartphone,Electrónica,385.62,383.0
PROD_0083,Tablet,Electrónica,1343.66,271.0
PROD_0084,Cámara,Computación,453.03,128.0
PROD_0085,,Accesorios,1260.11,333.0
PROD_0086,Mouse,Electrónica,1175.42,75.0
PROD_0087,Teclado,Electrónica,,491.0
PROD_0088,Monitor,Computación,1070.4,389.0
PROD_0089,Smartphone,Computación,368.4,218.0
PROD_0090,Monitor,Electrónica,523.96,79.0
PROD_0091,Smartphone,Computación,469.84,470.0
PROD_0092,Monitor,Electrónica,730.77,227.0
PROD_0093,Cámara,Electrónica,706.67,306.0
PROD_0094,Mouse,Accesorios,153.77,451.0
PROD_0095,Cámara,Accesorios,1080.09,469.0
PROD_0096,Laptop,Accesorios,405.7,91.0
PROD_0097,Monitor,Electrónica,749.29,467.0
PROD_0098,Mouse,Electrónica,312.33,75.0
PROD_0099,,Computación,861.01,
PROD_0100,Cámara,Accesorios,265.72,327.0
PROD_0101,Mouse,Electrónica,,88.0
PROD_0102,Smartphone,Computación,163.07,453.0
PROD_0103,,Accesorios,967.1,
PROD_0104,Mouse,Electrónica,,34.0
PROD_0105,Laptop,Computación,1297.53,372.0
PROD_0106,Smartphone,Electrónica,576.73,
PROD_0107,Mouse,Electrónica,198.28,404.0
PROD_0108,,Computación,1240.26,381.0
PROD_0109,Cámara,Electrónica,1448.84,307.0
PROD_0110,Smartphone,Computación,,465.0
PROD_0111,Smartphone,Computación,918.85,238.0
PROD_0112,Teclado,Electrónica,543.4,
PROD_0113,Mouse,Computación,387.08,244.0
PROD_0114,Teclado,Electrónica,1145.1,30.0
PROD_0115,Teclado,Computación,1111.34,56.0
PROD_0116,Tablet,Electrónica,425.51,168.0
PROD_0117,Cámara,Computación,168.92,260.0
PROD_0118,Cámara,Electrónica,616.11,100.0
PROD_0119,,Accesorios,257.2,
PROD_0120,Cámara,Computación,,439.0
PROD_0121,Smartphone,Accesorios,879.38,20.0
PROD_0122,Teclado,Accesorios,751.33,157.0
PROD_0123,Laptop,Computación,1172.97,95.0
PROD_0124,Mouse,Electrónica,171.99,342.0
PROD_0125,Cámara,Computación,306.3,254.0
PROD_0126,Smartphone,Electrónica,173.26,214.0
PROD_0127,Tablet,Computación,214.54,460.0
PROD_0128,Monitor,Electrónica,1293.57,212.0
PROD_0129,,Computación,90.02,275.0
PROD_0130,Teclado,Accesorios,331.12,160.0
PROD_0131,Teclado,Accesorios,1482.47,30.0
PROD_0132,Mouse,Accesorios,385.5,330.0
PROD_0133,Laptop,Electrónica,590.78,289.0
PROD_0134,Cámara,Accesorios,34.43,85.0
PROD_0135,Teclado,Computación,1144.89,267.0
PROD_0136,Mouse,Computación,701.77,267.0
PROD_0137,Laptop,Electrónica,1270.03,189.0
PROD_0138,Tablet,Accesorios,,288.0
PROD_0139,Laptop,Electrónica,724.59,268.0
PROD_0140,Teclado,Computación,519.93,283.0
PROD_0141,Smartphone,Electrónica,999.45,460.0
PROD_0142,Laptop,Computación,309.23,439.0
PROD_0143,Laptop,Accesorios,88.87,188.0
PROD_0144,Mouse,Computación,1130.75,
PROD_0145,,Electrónica,398.47,
PROD_0146,Teclado,Accesorios,955.65,386.0
PROD_0147,Monitor,Accesorios,668.0,264.0
PROD_0148,Monitor,Electrónica,183.52,27.0
PROD_0149,Teclado,Electrónica,1132.28,70.0
PROD_0150,Teclado,Accesorios,986.51,441.0
PROD_0151,Tablet,Electrónica,634.59,238.0
PROD_0152,Tablet,Electrónica,820.26,
PROD_0153,Mouse,Electrónica,96.46,336.0
PROD_0154,Mouse,Computación,140.6,361.0
PROD_0155,Smartphone,Computación,402.93,253.0
PROD_0156,Mouse,Electrónica,1307.66,275.0
PROD_0157,Teclado,Computación,702.74,69.0
PROD_0158,Laptop,Accesorios,,285.0
PROD_0159,Cámara,Electrónica,410.67,13.0
PROD_0160,,Electrónica,577.11,255.0
PROD_0161,Mouse,Computación,143.34,58.0
PROD_0162,Teclado,Electrónica,592.97,139.0
PROD_0163,Monitor,Accesorios,364.54,61.0
PROD_0164,Mouse,Accesorios,1319.11,378.0
PROD_0165,Monitor,Electrónica,138.75,394.0
PROD_0166,Monitor,Accesorios,379.41,458.0
PROD_0167,Laptop,Accesorios,511.13,318.0
PROD_0168,,Accesorios,283.28,
PROD_0169,Smartphone,Electrónica,94.64,322.0
PROD_0170,Mouse,Accesorios,1122.01,256.0
PROD_0171,Cámara,Computación,1169.95,
PROD_0172,Teclado,Computación,630.23,227.0
PROD_0173,Monitor,Electrónica,792.62,295.0
PROD_0174,Laptop,Accesorios,1121.88,
PROD_0175,Tablet,Accesorios,1287.48,327.0
PROD_0176,Monitor,Electrónica,1414.97,389.0
PROD_0177,Smartphone,Electrónica,821.42,86.0
PROD_0178,Teclado,Electrónica,824.13,175.0
PROD_0179,,Accesorios,1198.45,223.0
PROD_0180,Monitor,Accesorios,1215.42,393.0
PROD_0181,Teclado,Computación,794.96,79.0
PROD_0182,Mouse,Electrónica,1485.1,
PROD_0183,Teclado,Computación,752.71,484.0
PROD_0184,Smartphone,Electrónica,177.89,170.0
PROD_0185,Cámara,Accesorios,789.72,465.0
PROD_0186,Cámara,Accesorios,420.43,30.0
PROD_0187,Tablet,Electrónica,128.5,101.0
PROD_0188,Smartphone,Computación,469.91,39.0
PROD_0189,Teclado,Computación,34.06,
PROD_0190,Teclado,Computación,475.6,5.0
PROD_0191,Monitor,Computación,1064.69,383.0
PROD_0192,Monitor,Electrónica,1377.79,184.0
PROD_0193,Teclado,Electrónica,1434.44,67.0
PROD_0194,Teclado,Accesorios,486.26,99.0
PROD_0195,Laptop,Accesorios,1347.15,483.0
PROD_0196,Laptop,Accesorios,1228.54,254.0
PROD_0197,Monitor,Computación,383.83,335.0
PROD_0198,Tablet,Electrónica,703.75,30.0
PROD_0199,Laptop,Computación,1378.07,275.0
PROD_0200,Tablet,Electrónica,1097.61,105.0
PROD_0201,,Electrónica,550.66,164.0
PROD_0202,Laptop,Electrónica,385.1,183.0
PROD_0203,Smartphone,Computación,1319.39,467.0
PROD_0204,Tablet,Computación,,56.0
PROD_0205,Teclado,Computación,142.0,193.0
PROD_0206,Monitor,Computación,,370.0
PROD_0207,Cámara,Electrónica,1474.22,234.0
PROD_0208,Smartphone,Accesorios,480.16,149.0
PROD_0209,Mouse,Accesorios,445.66,276.0
PROD_0210,Mouse,Computación,1494.49,262.0
PROD_0211,Cámara,Computación,1061.24,111.0
PROD_0212,Tablet,Computación,359.52,346.0
PROD_0213,Laptop,Accesorios,1477.2,486.0
PROD_0214,Cámara,Electrónica,522.44,325.0
PROD_0215,Cámara,Computación,,473.0
PROD_0216,Monitor,Electrónica,803.64,170.0
PROD_0217,Smartphone,Accesorios,430.81,339.0
PROD_0218,Laptop,Electrónica,1248.05,416.0
PROD_0219,Tablet,Accesorios,196.29,208.0
PROD_0220,Cámara,Computación,75.72,462.0
PROD_0221,Tablet,Electrónica,267.53,153.0
PROD_0222,,Accesorios,329.15,26.0
PROD_0223,Tablet,Electrónica,932.34,160.0
PROD_0224,Tablet,Electrónica,1362.6,294.0
PROD_0225,Tablet,Computación,1408.37,
PROD_0226,Tablet,Accesorios,110.36,344.0
PROD_0227,Cámara,Computación,,55.0
PROD_0228,Smartphone,Computación,1401.77,34.0
PROD_0229,Laptop,Computación,1044.32,
PROD_0230,Cámara,Electrónica,1014.02,74.0
PROD_0231,Mouse,Electrónica,1339.32,54.0
PROD_0232,Teclado,Computación,820.68,284.0
PROD_0233,Smartphone,Computación,1371.78,310.0
PROD_0234,Monitor,Electrónica,65.71,264.0
PROD_0235,Mouse,Computación,842.41,46.0
PROD_0236,Smartphone,Computación,1203.85,468.0
PROD_0237,,Electrónica,22.67,246.0
PROD_0238,Laptop,Accesorios,277.21,274.0
PROD_0239,Teclado,Electrónica,124.79,184.0
PROD_0240,Laptop,Accesorios,688.36,20.0
PROD_0241,Teclado,Electrónica,1015.74,469.0
PROD_0242,Monitor,Computación,1303.61,62.0
PROD_0243,Laptop,Electrónica,617.91,268.0
PROD_0244,Smartphone,Computación,1143.93,302.0
PROD_0245,Smartphone,Computación,672.07,215.0
PROD_0246,Teclado,Electrónica,818.57,420.0
PROD_0247,,Electrónica,1170.63,312.0
PROD_0248,Mouse,Computación,183.92,452.0
PROD_0249,Cámara,Computación,1267.97,371.0
PROD_0250,Monitor,Computación,1322.53,
PROD_0251,Smartphone,Computación,800.5,
PROD_0252,Cámara,Accesorios,1238.76,14.0
PROD_0253,Smartphone,Electrónica,855.81,180.0
PROD_0254,Teclado,Electrónica,1409.71,
PROD_0255,,Electrónica,1124.63,
PROD_0256,Laptop,Computación,390.69,
PROD_0257,Cámara,Electrónica,77.1,
PROD_0258,Smartphone,Accesorios,1289.46,201.0
PROD_0259,Mouse,Computación,,471.0
PROD_0260,Smartphone,Computación,,136.0
PROD_0261,Smartphone,Electrónica,443.67,
PROD_0262,Teclado,Computación,531.5,322.0
PROD_0263,Monitor,Electrónica,156.84,358.0
PROD_0264,Tablet,Computación,219.65,412.0
PROD_0265,Laptop,Computación,125.2,73.0
PROD_0266,Laptop,Accesorios,879.05,296.0
PROD_0267,Mouse,Accesorios,1135.78,294.0
PROD_0268,Cámara,Electrónica,1194.43,434.0
PROD_0269,,Accesorios,,292.0
PROD_0270,Smartphone,Electrónica,1222.1,423.0
PROD_0271,Mouse,Computación,157.52,
PROD_0272,Laptop,Accesorios,1382.74,
PROD_0273,Monitor,Computación,596.62,312.0
PROD_0274,,Accesorios,56.39,441.0
PROD_0275,Mouse,Accesorios,694.71,311.0
PROD_0276,Smartphone,Accesorios,655.69,80.0
PROD_0277,Laptop,Accesorios,175.95,
PROD_0278,Mouse,Accesorios,577.21,236.0
PROD_0279,,Accesorios,990.25,255.0
PROD_0280,,Accesorios,973.8,66.0
PROD_0281,Tablet,Electrónica,1390.44,
PROD_0282,Mouse,Computación,1206.05,
PROD_0283,,Accesorios,1098.47,205.0
PROD_0284,Cámara,Computación,827.14,162.0
PROD_0285,Mouse,Electrónica,407.9,353.0
PROD_0286,Teclado,Electrónica,179.71,147.0
PROD_0287,Monitor,Computación,,468.0
PROD_0288,Laptop,Electrónica,1494.74,137.0
PROD_0289,Teclado,Accesorios,108.33,451.0
PROD_0290,Monitor,Computación,772.64,395.0
PROD_0291,Teclado,Accesorios,162.68,438.0
PROD_0292,Monitor,Accesorios,952.93,83.0
PROD_0293,Laptop,Electrónica,1266.17,155.0
PROD_0294,,Computación,1218.28,416.0
PROD_0295,Mouse,Accesorios,903.24,
PROD_0296,Tablet,Computación,1436.21,304.0
PROD_0297,Smartphone,Accesorios,1134.87,
PROD_0298,,Computación,1341.37,242.0
PROD_0299,,Computación,607.58,307.0
PROD_0300,Monitor,Computación,358.34,175.0
PROD_0301,Teclado,Accesorios,,203.0
PROD_0302,Tablet,Electrónica,662.5,278.0
PROD_0303,Smartphone,Computación,884.62,251.0
PROD_0304,Tablet,Computación,298.21,85.0
PROD_0305,Monitor,Computación,732.58,222.0
PROD_0306,Tablet,Accesorios,917.77,84.0
PROD_0307,Smartphone,Computación,909.77,483.0
PROD_0308,Mouse,Electrónica,691.66,229.0
PROD_0309,Teclado,Electrónica,1389.88,252.0
PROD_0310,Smartphone,Accesorios,761.38,462.0
PROD_0311,Tablet,Computación,334.78,11.0
PROD_0312,Tablet,Accesorios,,490.0
PROD_0313,Tablet,Computación,417.72,431.0
PROD_0314,Tablet,Accesorios,948.43,311.0
PROD_0315,Teclado,Computación,337.14,236.0
PROD_0316,Mouse,Accesorios,94.43,278.0
PROD_0317,Monitor,Accesorios,80.66,37.0
PROD_0318,Tablet,Accesorios,1313.28,188.0
PROD_0319,Monitor,Electrónica,1037.52,450.0
PROD_0320,Smartphone,Electrónica,1418.99,12.0
PROD_0321,Monitor,Computación,250.38,457.0
PROD_0322,Smartphone,Computación,109.44,
PROD_0323,Mouse,Computación,131.58,451.0
PROD_0324,Teclado,Electrónica,,125.0
PROD_0325,Cámara,Computación,1047.46,370.0
PROD_0326,Monitor,Accesorios,1112.9,464.0
PROD_0327,,Accesorios,784.65,6.0
PROD_0328,Mouse,Accesorios,1093.23,352.0
PROD_0329,Laptop,Electrónica,670.71,116.0
PROD_0330,Teclado,Accesorios,478.69,
PROD_0331,Teclado,Accesorios,603.18,
PROD_0332,Smartphone,Computación,888.21,329.0
PROD_0333,,Accesorios,963.55,276.0
PROD_0334,Tablet,Accesorios,438.67,279.0
PROD_0335,,Computación,1199.56,361.0
PROD_0336,Tablet,Computación,1044.07,483.0
PROD_0337,Teclado,Electrónica,669.12,5.0
PROD_0338,Mouse,Accesorios,175.29,334.0
PROD_0339,Laptop,Electrónica,398.92,106.0
PROD_0340,,Accesorios,1322.61,446.0
PROD_0341,Tablet,Electrónica,710.66,134.0
PROD_0342,,Electrónica,529.62,
PROD_0343,Laptop,Computación,1324.35,
PROD_0344,Monitor,Accesorios,1190.08,188.0
PROD_0345,Smartphone,Computación,158.2,355.0
PROD_0346,Cámara,Accesorios,,143.0
PROD_0347,Teclado,Computación,1420.8,386.0
PROD_0348,Mouse,Accesorios,255.96,486.0
PROD_0349,Cámara,Accesorios,1381.02,262.0
PROD_0350,Cámara,Accesorios,35.17,392.0
PROD_0351,,Accesorios,336.86,319.0
PROD_0352,Tablet,Electrónica,424.4,
PROD_0353,Tablet,Electrónica,726.81,335.0
PROD_0354,Laptop,Computación,687.12,69.0
PROD_0355,,Computación,1450.01,95.0
PROD_0356,Tablet,Accesorios,297.2,
PROD_0357,Smartphone,Computación,,470.0
PROD_0358,,Accesorios,1194.84,249.0
PROD_0359,Smartphone,Computación,152.9,477.0
PROD_0360,Laptop,Electrónica,314.89,0.0
PROD_0361,,Accesorios,750.5,
PROD_0362,Laptop,Computación,236.87,261.0
PROD_0363,Smartphone,Electrónica,354.67,
PROD_0364,Tablet,Computación,371.09,153.0
PROD_0365,Teclado,Electrónica,628.48,497.0
PROD_0366,Tablet,Electrónica,1258.08,304.0
PROD_0367,Cámara,Computación,387.43,351.0
PROD_0368,Cámara,Electrónica,,277.0
PROD_0369,Teclado,Electrónica,1478.14,219.0
PROD_0370,Tablet,Electrónica,241.94,372.0
PROD_0371,Cámara,Accesorios,1086.04,
PROD_0372,Tablet,Electrónica,44.51,487.0
PROD_0373,Laptop,Accesorios,1168.6,174.0
PROD_0374,Teclado,Accesorios,704.96,204.0
PROD_0375,Tablet,Accesorios,1060.22,137.0
PROD_0376,Smartphone,Accesorios,1357.84,65.0
PROD_0377,Laptop,Accesorios,1093.35,367.0
PROD_0378,Monitor,Accesorios,627.69,465.0
PROD_0379,Monitor,Electrónica,492.09,188.0
PROD_0380,Mouse,Electrónica,1316.25,22.0
PROD_0381,Tablet,Accesorios,1013.92,486.0
PROD_0382,Tablet,Electrónica,1211.85,166.0
PROD_0383,Cámara,Computación,359.31,389.0
PROD_0384,Laptop,Computación,655.26,407.0
PROD_0385,Teclado,Accesorios,392.34,
PROD_0386,Tablet,Electrónica,1226.66,466.0
PROD_0387,Teclado,Electrónica,966.94,449.0
PROD_0388,Teclado,Computación,1483.03,306.0
PROD_0389,Cámara,Computación,894.87,200.0
PROD_0390,Cámara,Electrónica,589.33,163.0
PROD_0391,Monitor,Computación,644.29,450.0
PROD_0392,Tablet,Accesorios,,72.0
PROD_0393,Teclado,Electrónica,627.1,371.0
PROD_0394,Tablet,Computación,1467.75,440.0
PROD_0395,Mouse,Computación,266.48,172.0
PROD_0396,Cámara,Computación,225.16,447.0
PROD_0397,Mouse,Computación,964.03,201.0
PROD_0398,Teclado,Computación,421.76,191.0
PROD_0399,Monitor,Electrónica,1136.88,224.0
PROD_0400,,Electrónica,1401.77,333.0
PROD_0401,Cámara,Electrónica,501.72,181.0
PROD_0402,Laptop,Accesorios,283.06,421.0
PROD_0403,Tablet,Computación,557.98,62.0
PROD_0404,Tablet,Accesorios,957.73,43.0
PROD_0405,Laptop,Accesorios,1069.91,462.0
PROD_0406,Cámara,Accesorios,1306.51,476.0
PROD_0407,Cámara,Electrónica,1422.03,414.0
PROD_0408,Laptop,Computación,353.93,81.0
PROD_0409,Smartphone,Accesorios,280.3,329.0
PROD_0410,Mouse,Electrónica,430.5,157.0
PROD_0411,Laptop,Accesorios,472.23,102.0
PROD_0412,Laptop,Accesorios,1022.12,169.0
PROD_0413,Teclado,Computación,342.28,291.0
PROD_0414,Laptop,Computación,615.54,391.0
PROD_0415,Smartphone,Computación,,160.0
PROD_0416,Laptop,Accesorios,1394.0,178.0
PROD_0417,Teclado,Computación,641.06,225.0
PROD_0418,Laptop,Electrónica,883.59,120.0
PROD_0419,Tablet,Accesorios,334.52,321.0
PROD_0420,Monitor,Accesorios,1223.76,
PROD_0421,Teclado,Accesorios,1214.58,
PROD_0422,Laptop,Computación,1430.62,466.0
PROD_0423,Cámara,Computación,748.19,190.0
PROD_0424,Monitor,Electrónica,806.31,449.0
PROD_0425,Laptop,Accesorios,602.26,147.0
PROD_0426,Laptop,Accesorios,556.15,329.0
PROD_0427,Laptop,Electrónica,,423.0
PROD_0428,Monitor,Accesorios,789.66,1.0
PROD_0429,Laptop,Accesorios,939.3,
PROD_0430,Monitor,Accesorios,1419.81,295.0
PROD_0431,Cámara,Electrónica,488.43,
PROD_0432,Monitor,Computación,834.48,456.0
PROD_0433,Cámara,Electrónica,1095.33,355.0
PROD_0434,Tablet,Electrónica,948.7,21.0
PROD_0435,Monitor,Electrónica,502.99,352.0
PROD_0436,Mouse,Electrónica,1349.26,62.0
PROD_0437,,Accesorios,958.81,277.0
PROD_0438,Mouse,Electrónica,942.28,417.0
PROD_0439,Cámara,Accesorios,73.46,213.0
PROD_0440,Smartphone,Accesorios,206.64,492.0
PROD_0441,Teclado,Computación,655.54,269.0
PROD_0442,Smartphone,Accesorios,1218.9,464.0
PROD_0443,Tablet,Accesorios,,207.0
PROD_0444,Monitor,Computación,,46.0
PROD_0445,,Electrónica,1336.12,209.0
PROD_0446,,Accesorios,1038.02,308.0
PROD_0447,Teclado,Computación,,
PROD_0448,Mouse,Accesorios,499.44,303.0
PROD_0449,Monitor,Accesorios,706.43,52.0
PROD_0450,Mouse,Electrónica,1052.19,238.0
PROD_0451,Tablet,Accesorios,510.04,13.0
PROD_0452,Smartphone,Computación,1201.88,
PROD_0453,Teclado,Computación,371.25,258.0
PROD_0454,Laptop,Electrónica,1191.67,236.0
PROD_0455,,Accesorios,575.61,110.0
PROD_0456,Tablet,Electrónica,69.52,
PROD_0457,Cámara,Accesorios,1489.07,255.0
PROD_0458,Smartphone,Computación,963.33,376.0
PROD_0459,Tablet,Accesorios,583.45,486.0
PROD_0460,Tablet,Accesorios,817.78,
PROD_0461,Mouse,Accesorios,1187.8,495.0
PROD_0462,Cámara,Computación,,188.0
PROD_0463,Mouse,Accesorios,635.87,347.0
PROD_0464,Tablet,Computación,220.44,121.0
PROD_0465,Monitor,Computación,31.98,79.0
PROD_0466,Cámara,Electrónica,990.33,199.0
PROD_0467,Teclado,Computación,322.61,157.0
PROD_0468,Mouse,Computación,935.76,373.0
PROD_0469,Monitor,Electrónica,593.12,462.0
PROD_0470,Mouse,Electrónica,1098.96,3.0
PROD_0471,Mouse,Accesorios,19.24,356.0
PROD_0472,Mouse,Accesorios,1237.03,409.0
PROD_0473,Teclado,Accesorios,569.11,74.0
PROD_0474,Smartphone,Electrónica,479.07,238.0
PROD_0475,Cámara,Accesorios,932.37,110.0
PROD_0476,Laptop,Electrónica,436.2,164.0
PROD_0477,Monitor,Accesorios,469.51,211.0
PROD_0478,Smartphone,Electrónica,1333.14,455.0
PROD_0479,Teclado,Accesorios,243.64,228.0
PROD_0480,Teclado,Accesorios,1260.61,100.0
PROD_0481,Tablet,Computación,1499.71,13.0
PROD_0482,Mouse,Accesorios,180.79,431.0
PROD_0483,Tablet,Accesorios,1009.03,332.0
PROD_0484,Cámara,Computación,39.87,3.0
PROD_0485,Mouse,Accesorios,1308.55,52.0
PROD_0486,Cámara,Electrónica,698.68,44.0
PROD_0487,Teclado,Accesorios,82.12,432.0
PROD_0488,Laptop,Accesorios,475.83,335.0
PROD_0489,Monitor,Computación,125.52,34.0
PROD_0490,,Computación,,411.0
PROD_0491,Mouse,Electrónica,1019.64,88.0
PROD_0492,Cámara,Computación,158.81,353.0
PROD_0493,Monitor,Accesorios,1302.35,288.0
PROD_0494,,Computación,1319.87,276.0
PROD_0495,Monitor,Electrónica,1372.37,267.0
PROD_0496,,Accesorios,1004.88,466.0
PROD_0497,Smartphone,Accesorios,,26.0
PROD_0498,Cámara,Computación,10.85,258.0
PROD_0499,Smartphone,Accesorios,1465.36,
PROD_0500,Mouse,Accesorios,,163.0
PROD_0501,Teclado,Computación,119.63,112.0
PROD_0502,Monitor,Accesorios,185.87,
PROD_0503,Cámara,Computación,204.81,100.0
PROD_0504,Tablet,Electrónica,263.36,447.0
PROD_0505,Monitor,Electrónica,1240.82,304.0
PROD_0506,Laptop,Computación,,460.0
PROD_0507,Laptop,Electrónica,1005.18,499.0
PROD_0508,Smartphone,Accesorios,1220.03,176.0
PROD_0509,Smartphone,Computación,573.67,134.0
PROD_0510,Teclado,Electrónica,964.64,400.0
PROD_0511,Laptop,Accesorios,99.31,362.0
PROD_0512,Monitor,Electrónica,,76.0
PROD_0513,Laptop,Accesorios,559.6,
PROD_0514,Tablet,Electrónica,51.92,224.0
PROD_0515,Cámara,Computación,11.34,138.0
PROD_0516,Teclado,Accesorios,295.83,70.0
PROD_0517,Laptop,Electrónica,915.25,496.0
PROD_0518,Laptop,Computación,228.25,360.0
PROD_0519,Mouse,Electrónica,,246.0
PROD_0520,Smartphone,Electrónica,71.5,217.0
PROD_0521,Monitor,Electrónica,587.23,276.0
PROD_0522,Teclado,Accesorios,1259.4,91.0
PROD_0523,Teclado,Accesorios,696.69,497.0
PROD_0524,Cámara,Computación,1025.54,247.0
PROD_0525,Cámara,Computación,170.73,301.0
PROD_0526,Teclado,Accesorios,571.12,430.0
PROD_0527,,Accesorios,441.54,109.0
PROD_0528,Laptop,Electrónica,959.7,216.0
PROD_0529,Smartphone,Electrónica,1389.03,464.0
PROD_0530,Tablet,Computación,414.04,27.0
PROD_0531,Teclado,Electrónica,845.71,305.0
PROD_0532,Monitor,Electrónica,1137.92,334.0
PROD_0533,Tablet,Computación,453.08,335.0
PROD_0534,Tablet,Accesorios,111.65,49.0
PROD_0535,Mouse,Computación,299.1,315.0
PROD_0536,Cámara,Accesorios,563.29,317.0
PROD_0537,,Electrónica,307.9,285.0
PROD_0538,Tablet,Electrónica,1117.54,491.0
PROD_0539,Monitor,Computación,618.7,202.0
PROD_0540,Smartphone,Electrónica,,209.0
PROD_0541,Monitor,Computación,1014.75,138.0
PROD_0542,Mouse,Accesorios,962.59,274.0
PROD_0543,Cámara,Computación,1321.1,478.0
PROD_0544,Teclado,Accesorios,1130.32,46.0
PROD_0545,Cámara,Electrónica,239.9,258.0
PROD_0546,Tablet,Electrónica,780.39,198.0
PROD_0547,Mouse,Electrónica,1456.52,127.0
PROD_0548,Cámara,Electrónica,288.95,475.0
PROD_0549,Teclado,Electrónica,300.07,119.0
PROD_0550,Teclado,Electrónica,1419.94,11.0
PROD_0551,Mouse,Electrónica,488.63,
PROD_0552,Cámara,Electrónica,,
PROD_0553,Smartphone,Accesorios,505.25,468.0
PROD_0554,Tablet,Computación,994.4,
PROD_0555,Cámara,Computación,758.8,261.0
PROD_0556,Tablet,Computación,637.06,312.0
PROD_0557,Smartphone,Accesorios,343.1,403.0
PROD_0558,Mouse,Electrónica,711.88,139.0
PROD_0559,Smartphone,Electrónica,1135.82,
PROD_0560,Cámara,Electrónica,1322.6,277.0
PROD_0561,Tablet,Accesorios,1326.04,149.0
PROD_0562,Monitor,Computación,381.93,446.0
PROD_0563,Tablet,Accesorios,1069.48,167.0
PROD_0564,Teclado,Electrónica,862.33,202.0
PROD_0565,Monitor,Computación,,402.0
PROD_0566,Smartphone,Accesorios,795.92,430.0
PROD_0567,,Electrónica,945.57,73.0
PROD_0568,Laptop,Computación,164.87,97.0
PROD_0569,Tablet,Accesorios,979.1,
PROD_0570,Teclado,Accesorios,855.4,360.0
PROD_0571,Tablet,Electrónica,265.41,390.0
PROD_0572,Monitor,Computación,1361.57,342.0
PROD_0573,,Accesorios,413.22,484.0
PROD_0574,Tablet,Electrónica,298.31,226.0
PROD_0575,Laptop,Electrónica,,227.0
PROD_0576,Laptop,Computación,1019.37,186.0
PROD_0577,Mouse,Electrónica,871.82,94.0
PROD_0578,Teclado,Electrónica,654.42,59.0
PROD_0579,Monitor,Electrónica,1198.25,393.0
PROD_0580,Teclado,Accesorios,948.97,447.0
PROD_0581,Tablet,Electrónica,76.44,72.0
PROD_0582,Monitor,Computación,982.55,52.0
PROD_0583,Teclado,Computación,401.14,296.0
PROD_0584,Mouse,Computación,666.63,
PROD_0585,Monitor,Electrónica,1230.19,297.0
PROD_0586,Cámara,Computación,1252.31,214.0
PROD_0587,Teclado,Computación,,
PROD_0588,,Electrónica,1177.56,303.0
PROD_0589,Cámara,Computación,856.65,198.0
PROD_0590,Mouse,Electrónica,623.66,166.0
PROD_0591,Mouse,Computación,1322.0,51.0
PROD_0592,Cámara,Electrónica,1206.84,
PROD_0593,Monitor,Computación,1321.43,151.0
PROD_0594,Teclado,Electrónica,924.08,
PROD_0595,,Accesorios,1275.66,216.0
PROD_0596,Monitor,Accesorios,216.49,334.0
PROD_0597,Mouse,Electrónica,895.74,
PROD_0598,Monitor,Computación,1025.13,190.0
PROD_0599,Tablet,Electrónica,160.26,83.0
PROD_0600,,Computación,1238.08,246.0
PROD_0601,Teclado,Accesorios,1337.98,29.0
PROD_0602,Smartphone,Accesorios,91.3,15.0
PROD_0603,Laptop,Electrónica,460.48,234.0
PROD_0604,Teclado,Accesorios,254.6,22.0
PROD_0605,,Computación,1286.07,135.0
PROD_0606,Tablet,Electrónica,,379.0
PROD_0607,Teclado,Accesorios,857.81,333.0
PROD_0608,Cámara,Computación,1466.59,6.0
PROD_0609,Smartphone,Accesorios,1368.71,243.0
PROD_0610,Tablet,Electrónica,388.25,259.0
PROD_0611,Monitor,Computación,,321.0
PROD_0612,Mouse,Electrónica,132.82,336.0
PROD_0613,Monitor,Accesorios,271.2,174.0
PROD_0614,Laptop,Computación,542.72,32.0
PROD_0615,Tablet,Electrónica,,152.0
PROD_0616,Cámara,Computación,1118.13,209.0
PROD_0617,Tablet,Accesorios,,147.0
PROD_0618,Teclado,Accesorios,905.99,479.0
PROD_0619,Mouse,Accesorios,743.67,450.0
PROD_0620,Mouse,Accesorios,1111.08,331.0
PROD_0621,Laptop,Electrónica,296.0,336.0
PROD_0622,Laptop,Accesorios,990.27,242.0
PROD_0623,Cámara,Electrónica,396.64,76.0
PROD_0624,Cámara,Accesorios,675.47,167.0
PROD_0625,Laptop,Accesorios,129.07,353.0
PROD_0626,Cámara,Electrónica,1439.13,
PROD_0627,,Computación,710.03,62.0
PROD_0628,Tablet,Electrónica,597.52,440.0
PROD_0629,Monitor,Electrónica,1233.39,85.0
PROD_0630,Laptop,Accesorios,365.91,
PROD_0631,Tablet,Computación,367.32,12.0
PROD_0632,Laptop,Electrónica,120.38,135.0
PROD_0633,Mouse,Accesorios,1165.33,
PROD_0634,Laptop,Electrónica,1278.57,430.0
PROD_0635,Teclado,Computación,684.97,
PROD_0636,Teclado,Computación,318.42,
PROD_0637,Tablet,Computación,,217.0
PROD_0638,Mouse,Electrónica,1106.65,55.0
PROD_0639,Mouse,Electrónica,1361.72,353.0
PROD_0640,Cámara,Accesorios,423.62,322.0
PROD_0641,Teclado,Electrónica,399.12,43.0
PROD_0642,Tablet,Electrónica,1229.79,379.0
PROD_0643,Cámara,Electrónica,1409.59,367.0
PROD_0644,Mouse,Computación,1080.72,149.0
PROD_0645,Monitor,Computación,88.81,
PROD_0646,Cámara,Computación,378.41,37.0
PROD_0647,Monitor,Accesorios,1039.33,263.0
PROD_0648,Laptop,Electrónica,968.35,373.0
PROD_0649,Monitor,Electrónica,,401.0
PROD_0650,,Computación,1455.86,
PROD_0651,Tablet,Accesorios,69.57,432.0
PROD_0652,Smartphone,Electrónica,155.49,336.0
PROD_0653,Smartphone,Computación,1178.17,397.0
PROD_0654,Smartphone,Electrónica,876.45,352.0
PROD_0655,Monitor,Computación,1311.48,266.0
PROD_0656,Monitor,Electrónica,31.31,360.0
PROD_0657,Monitor,Electrónica,,159.0
PROD_0658,Smartphone,Computación,361.88,
PROD_0659,Laptop,Computación,171.56,300.0
PROD_0660,Mouse,Electrónica,906.3,369.0
PROD_0661,Cámara,Computación,1247.67,358.0
PROD_0662,Tablet,Computación,623.62,317.0
PROD_0663,Tablet,Computación,1276.15,388.0
PROD_0664,Mouse,Electrónica,1437.52,122.0
PROD_0665,Smartphone,Computación,,304.0
PROD_0666,Cámara,Electrónica,1347.7,195.0
PROD_0667,Teclado,Accesorios,944.06,374.0
PROD_0668,Monitor,Accesorios,,480.0
PROD_0669,Smartphone,Electrónica,932.73,138.0
PROD_0670,Smartphone,Accesorios,536.93,453.0
PROD_0671,Monitor,Computación,434.1,333.0
PROD_0672,Smartphone,Computación,926.04,133.0
PROD_0673,Tablet,Computación,83.3,413.0
PROD_0674,Smartphone,Computación,950.02,472.0
PROD_0675,Monitor,Accesorios,912.95,200.0
PROD_0676,Teclado,Computación,19.01,133.0
PROD_0677,Tablet,Accesorios,91.05,365.0
PROD_0678,Tablet,Accesorios,448.22,498.0
PROD_0679,Smartphone,Electrónica,333.75,304.0
PROD_0680,Laptop,Computación,654.95,66.0
PROD_0681,Laptop,Computación,52.23,457.0
PROD_0682,Laptop,Accesorios,1050.34,82.0
PROD_0683,Laptop,Electrónica,599.63,151.0
PROD_0684,Cámara,Accesorios,1438.25,229.0
PROD_0685,,Electrónica,590.75,426.0
PROD_0686,Laptop,Accesorios,442.16,379.0
PROD_0687,Smartphone,Computación,,335.0
PROD_0688,Smartphone,Accesorios,116.97,224.0
PROD_0689,Laptop,Accesorios,54.81,
PROD_0690,Cámara,Electrónica,671.11,334.0
PROD_0691,Smartphone,Accesorios,1482.65,159.0
PROD_0692,Smartphone,Accesorios,,464.0
PROD_0693,Mouse,Computación,1453.55,398.0
PROD_0694,Smartphone,Accesorios,982.88,494.0
PROD_0695,Mouse,Electrónica,50.32,466.0
PROD_0696,Teclado,Electrónica,66.52,110.0
PROD_0697,Cámara,Accesorios,167.98,332.0
PROD_0698,Monitor,Computación,1479.9,74.0
PROD_0699,Smartphone,Accesorios,1077.59,207.0
PROD_0700,Cámara,Accesorios,200.94,33.0
PROD_0701,,Accesorios,422.05,147.0
PROD_0702,Smartphone,Computación,957.1,307.0
PROD_0703,,Accesorios,594.18,263.0
PROD_0704,Tablet,Computación,1269.25,368.0
PROD_0705,Teclado,Accesorios,228.96,54.0
PROD_0706,Mouse,Computación,,445.0
PROD_0707,Mouse,Accesorios,1076.95,206.0
PROD_0708,Monitor,Electrónica,865.76,
PROD_0709,Mouse,Computación,13.13,
PROD_0710,Cámara,Accesorios,677.81,375.0
PROD_0711,Teclado,Electrónica,153.44,78.0
PROD_0712,Laptop,Accesorios,803.38,263.0
PROD_0713,Cámara,Accesorios,1479.91,101.0
PROD_0714,,Electrónica,282.3,471.0
PROD_0715,Tablet,Computación,713.03,42.0
PROD_0716,Laptop,Computación,511.28,156.0
PROD_0717,Mouse,Accesorios,1409.86,46.0
PROD_0718,Cámara,Computación,460.54,358.0
PROD_0719,Monitor,Electrónica,1236.2,291.0
PROD_0720,Smartphone,Electrónica,809.24,385.0
PROD_0721,,Computación,1041.47,236.0
PROD_0722,Mouse,Accesorios,570.98,411.0
PROD_0723,,Electrónica,635.59,91.0
PROD_0724,Smartphone,Computación,534.12,204.0
PROD_0725,Tablet,Electrónica,740.88,488.0
PROD_0726,Tablet,Accesorios,285.64,
PROD_0727,Mouse,Accesorios,150.72,479.0
PROD_0728,Teclado,Computación,121.14,198.0
PROD_0729,Cámara,Computación,1094.25,279.0
PROD_0730,Laptop,Electrónica,850.37,411.0
PROD_0731,Laptop,Electrónica,993.86,90.0
PROD_0732,,Computación,1306.98,113.0
PROD_0733,Tablet,Computación,,74.0
PROD_0734,,Accesorios,,225.0
PROD_0735,Cámara,Accesorios,1076.42,75.0
PROD_0736,Laptop,Electrónica,634.29,412.0
PROD_0737,Monitor,Electrónica,761.81,268.0
PROD_0738,Smartphone,Computación,1276.8,261.0
PROD_0739,,Computación,266.91,137.0
PROD_0740,Monitor,Electrónica,1143.21,495.0
PROD_0741,Teclado,Computación,199.49,
PROD_0742,Smartphone,Accesorios,469.66,190.0
PROD_0743,Mouse,Electrónica,1174.95,181.0
PROD_0744,Laptop,Accesorios,1023.03,124.0
PROD_0745,Laptop,Accesorios,28.31,299.0
PROD_0746,Monitor,Computación,1472.94,35.0
PROD_0747,Laptop,Electrónica,139.55,
PROD_0748,Laptop,Computación,1395.29,364.0
PROD_0749,Mouse,Electrónica,923.69,280.0
PROD_0750,Laptop,Accesorios,746.03,285.0
PROD_0751,,Electrónica,,188.0
PROD_0752,Smartphone,Electrónica,373.55,406.0
PROD_0753,Monitor,Computación,842.39,4.0
PROD_0754,,Electrónica,634.18,226.0
PROD_0755,Smartphone,Accesorios,576.9,146.0
PROD_0756,Cámara,Computación,835.62,42.0
PROD_0757,,Computación,1147.26,231.0
PROD_0758,Tablet,Accesorios,953.69,286.0
PROD_0759,Monitor,Electrónica,1101.62,434.0
PROD_0760,Laptop,Accesorios,432.89,360.0
PROD_0761,,Computación,1432.35,127.0
PROD_0762,Laptop,Electrónica,383.14,195.0
PROD_0763,Smartphone,Computación,894.51,61.0
PROD_0764,Cámara,Accesorios,178.29,148.0
PROD_0765,Cámara,Computación,512.9,201.0
PROD_0766,,Electrónica,441.25,
PROD_0767,Cámara,Computación,1405.41,76.0
PROD_0768,Laptop,Accesorios,,44.0
PROD_0769,Teclado,Accesorios,228.21,277.0
PROD_0770,Teclado,Computación,,418.0
PROD_0771,,Computación,1033.07,373.0
PROD_0772,Laptop,Accesorios,667.48,46.0
PROD_0773,Mouse,Computación,597.4,436.0
PROD_0774,Tablet,Electrónica,977.94,55.0
PROD_0775,Cámara,Computación,416.59,173.0
PROD_0776,Teclado,Computación,882.76,182.0
PROD_0777,Monitor,Electrónica,,12.0
PROD_0778,Cámara,Electrónica,,391.0
PROD_0779,,Computación,397.68,14.0
PROD_0780,Mouse,Electrónica,183.83,42.0
PROD_0781,,Computación,747.84,
PROD_0782,Mouse,Computación,826.16,78.0
PROD_0783,Laptop,Computación,1335.53,
PROD_0784,Laptop,Accesorios,1231.57,165.0
PROD_0785,Cámara,Electrónica,212.65,294.0
PROD_0786,Tablet,Accesorios,510.48,113.0
PROD_0787,Tablet,Accesorios,1150.65,194.0
PROD_0788,Cámara,Accesorios,446.59,269.0
PROD_0789,Smartphone,Electrónica,,274.0
PROD_0790,Cámara,Computación,,353.0
PROD_0791,Mouse,Computación,628.34,255.0
PROD_0792,Smartphone,Accesorios,,363.0
PROD_0793,Tablet,Computación,597.8,407.0
PROD_0794,Mouse,Accesorios,619.14,39.0
PROD_0795,Cámara,Accesorios,63.28,162.0
PROD_0796,Mouse,Accesorios,689.87,377.0
PROD_0797,,Computación,136.64,333.0
PROD_0798,Tablet,Computación,570.75,
PROD_0799,Monitor,Computación,1256.89,165.0
PROD_0800,Tablet,Accesorios,57.24,480.0
PROD_0801,Mouse,Electrónica,815.03,20.0
PROD_0802,,Accesorios,199.14,154.0
PROD_0803,Laptop,Accesorios,597.08,389.0
PROD_0804,,Accesorios,29.63,177.0
PROD_0805,Monitor,Computación,1201.9,
PROD_0806,Cámara,Accesorios,34.21,299.0
PROD_0807,Laptop,Computación,1219.97,124.0
PROD_0808,Cámara,Computación,1253.22,8.0
PROD_0809,Mouse,Electrónica,522.51,275.0
PROD_0810,Laptop,Computación,680.02,56.0
PROD_0811,Monitor,Accesorios,83.64,323.0
PROD_0812,Laptop,Computación,956.08,236.0
PROD_0813,Mouse,Electrónica,979.79,324.0
PROD_0814,Laptop,Electrónica,434.45,451.0
PROD_0815,Teclado,Electrónica,942.41,232.0
PROD_0816,Mouse,Accesorios,,270.0
PROD_0817,Smartphone,Accesorios,1483.33,275.0
PROD_0818,Monitor,Electrónica,1291.95,92.0
PROD_0819,Smartphone,Accesorios,155.74,144.0
PROD_0820,Tablet,Accesorios,378.94,281.0
PROD_0821,Tablet,Computación,447.62,405.0
PROD_0822,Cámara,Electrónica,145.32,455.0
PROD_0823,Tablet,Computación,,292.0
PROD_0824,Tablet,Electrónica,1327.96,489.0
PROD_0825,Teclado,Accesorios,304.34,232.0
PROD_0826,Tablet,Accesorios,598.38,
PROD_0827,Teclado,Electrónica,640.47,91.0
PROD_0828,,Computación,1063.72,384.0
PROD_0829,Teclado,Accesorios,1401.81,170.0
PROD_0830,Teclado,Computación,491.11,265.0
PROD_0831,Tablet,Accesorios,814.08,51.0
PROD_0832,Smartphone,Electrónica,631.75,298.0
PROD_0833,Mouse,Electrónica,853.18,
PROD_0834,Laptop,Computación,,346.0
PROD_0835,Cámara,Accesorios,,
PROD_0836,Cámara,Computación,70.52,422.0
PROD_0837,Monitor,Computación,1231.31,99.0
PROD_0838,Mouse,Computación,679.79,156.0
PROD_0839,Smartphone,Accesorios,,415.0
PROD_0840,Cámara,Electrónica,365.8,66.0
PROD_0841,Cámara,Electrónica,1473.4,252.0
PROD_0842,Mouse,Computación,808.45,353.0
PROD_0843,Laptop,Accesorios,1431.45,463.0
PROD_0844,Smartphone,Accesorios,433.89,127.0
PROD_0845,Mouse,Computación,661.4,236.0
PROD_0846,Cámara,Accesorios,1267.1,350.0
PROD_0847,Mouse,Accesorios,614.0,344.0
PROD_0848,Tablet,Computación,832.41,71.0
PROD_0849,Smartphone,Electrónica,460.68,330.0
PROD_0850,Smartphone,Electrónica,1445.43,164.0
PROD_0851,Monitor,Computación,,150.0
PROD_0852,Cámara,Accesorios,,447.0
PROD_0853,Teclado,Electrónica,1136.12,24.0
PROD_0854,Smartphone,Computación,1156.14,288.0
PROD_0855,Mouse,Accesorios,827.21,162.0
PROD_0856,Laptop,Accesorios,382.32,425.0
PROD_0857,Mouse,Electrónica,500.13,372.0
PROD_0858,Laptop,Electrónica,329.97,351.0
PROD_0859,Smartphone,Electrónica,1307.35,262.0
PROD_0860,Smartphone,Accesorios,1181.58,357.0
PROD_0861,Tablet,Electrónica,941.96,320.0
PROD_0862,Smartphone,Computación,1390.45,403.0
PROD_0863,Laptop,Computación,723.46,301.0
PROD_0864,Cámara,Computación,296.52,73.0
PROD_0865,Tablet,Computación,1268.0,393.0
PROD_0866,,Accesorios,867.73,323.0
PROD_0867,Tablet,Computación,1038.69,
PROD_0868,Tablet,Electrónica,1261.66,5.0
PROD_0869,,Electrónica,474.93,445.0
PROD_0870,Tablet,Electrónica,1076.51,
PROD_0871,Cámara,Accesorios,1185.93,207.0
PROD_0872,Cámara,Computación,446.8,127.0
PROD_0873,,Computación,661.78,445.0
PROD_0874,Smartphone,Accesorios,69.26,182.0
PROD_0875,Smartphone,Accesorios,,281.0
PROD_0876,Tablet,Electrónica,856.89,486.0
PROD_0877,Teclado,Electrónica,563.6,400.0
PROD_0878,Cámara,Computación,65.47,198.0
PROD_0879,Smartphone,Computación,31.88,
PROD_0880,,Accesorios,1041.19,426.0
PROD_0881,Smartphone,Computación,,53.0
PROD_0882,Teclado,Computación,,220.0
PROD_0883,Laptop,Accesorios,495.29,467.0
PROD_0884,,Accesorios,39.76,479.0
PROD_0885,,Computación,992.83,276.0
PROD_0886,Monitor,Electrónica,433.51,251.0
PROD_0887,Cámara,Electrónica,,247.0
PROD_0888,Teclado,Electrónica,774.77,412.0
PROD_0889,Laptop,Computación,1070.39,142.0
PROD_0890,Monitor,Accesorios,472.26,84.0
PROD_0891,Tablet,Accesorios,871.41,166.0
PROD_0892,Smartphone,Electrónica,654.17,167.0
PROD_0893,Laptop,Electrónica,1358.63,405.0
PROD_0894,Smartphone,Computación,30.88,227.0
PROD_0895,Laptop,Computación,571.51,195.0
PROD_0896,Mouse,Computación,1065.28,
PROD_0897,Smartphone,Computación,1092.85,8.0
PROD_0898,Teclado,Electrónica,394.07,431.0
PROD_0899,Laptop,Computación,319.46,308.0
PROD_0900,Laptop,Electrónica,,389.0
PROD_0901,Monitor,Computación,56.85,102.0
PROD_0902,Cámara,Accesorios,286.34,178.0
PROD_0903,Monitor,Accesorios,890.13,148.0
PROD_0904,Monitor,Electrónica,1428.71,376.0
PROD_0905,Smartphone,Computación,1405.7,35.0
PROD_0906,Smartphone,Accesorios,1088.8,201.0
PROD_0907,Laptop,Accesorios,597.58,200.0
PROD_0908,Teclado,Electrónica,639.07,452.0
PROD_0909,Smartphone,Computación,91.49,
PROD_0910,Teclado,Accesorios,862.2,407.0
PROD_0911,,Accesorios,1499.44,406.0
PROD_0912,Smartphone,Electrónica,589.88,258.0
PROD_0913,Cámara,Electrónica,971.23,56.0
PROD_0914,Mouse,Accesorios,,304.0
PROD_0915,Cámara,Electrónica,1077.08,280.0
PROD_0916,Tablet,Accesorios,355.15,370.0
PROD_0917,Teclado,Electrónica,498.18,77.0
PROD_0918,,Accesorios,,430.0
PROD_0919,Mouse,Computación,87.31,139.0
PROD_0920,Cámara,Electrónica,,89.0
PROD_0921,Tablet,Electrónica,91.65,420.0
PROD_0922,Mouse,Accesorios,142.32,299.0
PROD_0923,Tablet,Electrónica,,99.0
PROD_0924,Cámara,Electrónica,804.83,361.0
PROD_0925,Tablet,Electrónica,,297.0
PROD_0926,Mouse,Electrónica,217.38,218.0
PROD_0927,Cámara,Accesorios,598.34,434.0
PROD_0928,Monitor,Computación,28.79,317.0
PROD_0929,Mouse,Electrónica,,165.0
PROD_0930,Laptop,Electrónica,1248.06,148.0
PROD_0931,Laptop,Computación,1136.15,182.0
PROD_0932,,Accesorios,,71.0
PROD_0933,Monitor,Electrónica,1378.26,190.0
PROD_0934,Teclado,Accesorios,,305.0
PROD_0935,Smartphone,Computación,436.56,
PROD_0936,Mouse,Electrónica,1124.51,366.0
PROD_0937,Teclado,Electrónica,457.93,187.0
PROD_0938,Monitor,Computación,284.69,148.0
PROD_0939,Cámara,Accesorios,853.7,494.0
PROD_0940,Cámara,Computación,827.9,475.0
PROD_0941,Cámara,Electrónica,165.83,260.0
PROD_0942,Teclado,Computación,1252.1,397.0
PROD_0943,Mouse,Electrónica,1399.21,272.0
PROD_0944,Smartphone,Accesorios,1157.13,328.0
PROD_0945,Cámara,Computación,334.16,
PROD_0946,,Accesorios,,417.0
PROD_0947,,Computación,784.35,76.0
PROD_0948,Smartphone,Computación,202.38,448.0
PROD_0949,Teclado,Computación,210.57,
PROD_0950,Cámara,Computación,582.09,477.0
PROD_0951,Laptop,Accesorios,165.39,420.0
PROD_0952,Laptop,Electrónica,142.25,
PROD_0953,Teclado,Electrónica,148.47,167.0
PROD_0954,Tablet,Electrónica,1172.62,73.0
PROD_0955,,Accesorios,1236.57,397.0
PROD_0956,Cámara,Electrónica,1435.49,158.0
PROD_0957,Teclado,Computación,400.8,
PROD_0958,Tablet,Electrónica,386.65,7.0
PROD_0959,,Electrónica,920.23,161.0
PROD_0960,Laptop,Accesorios,75.56,316.0
PROD_0961,Monitor,Electrónica,1178.23,
PROD_0962,Monitor,Electrónica,851.75,82.0
PROD_0963,Mouse,Accesorios,1423.95,353.0
PROD_0964,Laptop,Computación,778.89,455.0
PROD_0965,Cámara,Computación,365.31,379.0
PROD_0966,Tablet,Electrónica,386.92,304.0
PROD_0967,Tablet,Computación,168.79,388.0
PROD_0968,Monitor,Electrónica,,493.0
PROD_0969,Teclado,Accesorios,14.35,14.0
PROD_0970,Monitor,Computación,302.1,153.0
PROD_0971,,Computación,1204.27,252.0
PROD_0972,Teclado,Electrónica,515.43,6.0
PROD_0973,Tablet,Accesorios,336.51,219.0
PROD_0974,Laptop,Electrónica,1291.51,347.0
PROD_0975,Monitor,Electrónica,457.65,332.0
PROD_0976,Monitor,Electrónica,842.48,462.0
PROD_0977,Smartphone,Electrónica,650.33,
PROD_0978,Smartphone,Accesorios,368.1,126.0
PROD_0979,Monitor,Electrónica,317.61,482.0
PROD_0980,Laptop,Electrónica,774.48,176.0
PROD_0981,Laptop,Electrónica,870.13,154.0
PROD_0982,Monitor,Electrónica,183.01,381.0
PROD_0983,Laptop,Electrónica,492.74,316.0
PROD_0984,Smartphone,Accesorios,206.83,
PROD_0985,,Accesorios,630.95,267.0
PROD_0986,Monitor,Computación,81.87,
PROD_0987,,Computación,151.56,142.0
PROD_0988,Cámara,Computación,,220.0
PROD_0989,Monitor,Accesorios,210.03,460.0
PROD_0990,Teclado,Electrónica,168.13,56.0
PROD_0991,,Electrónica,74.34,359.0
PROD_0992,Laptop,Computación,126.08,129.0
PROD_0993,Monitor,Accesorios,509.78,53.0
PROD_0994,Laptop,Computación,890.11,296.0
PROD_0995,Teclado,Computación,233.8,457.0
PROD_0996,Laptop,Accesorios,,367.0
PROD_0997,Teclado,Computación,1113.58,495.0
PROD_0998,Smartphone,Electrónica,893.25,48.0
PROD_0999,Tablet,Computación,1131.41,361.0
PROD_0935,Smartphone,Computación,436.56,271.0
PROD_0896,Mouse,Computación,1065.28,
PROD_0795,,Accesorios,63.28,162.0
PROD_0647,Monitor,Accesorios,1039.33,263.0
PROD_0662,Tablet,Computación,623.62,317.0
PROD_0854,,Computación,1156.14,288.0
PROD_0306,Tablet,Accesorios,917.77,84.0
PROD_0884,Mouse,Accesorios,,479.0
PROD_0230,Cámara,Electrónica,1014.02,74.0
PROD_0269,Tablet,Accesorios,370.49,292.0
PROD_0697,Cámara,Accesorios,167.98,332.0
PROD_0510,Teclado,Electrónica,964.64,400.0
PROD_0936,Mouse,Electrónica,1124.51,366.0
PROD_0913,Cámara,Electrónica,971.23,56.0
PROD_0407,Cámara,Electrónica,1422.03,414.0
PROD_0335,,Computación,1199.56,361.0
PROD_0847,Mouse,Accesorios,,344.0
PROD_0700,Cámara,Accesorios,200.94,
PROD_0213,Laptop,Accesorios,1477.2,
PROD_0450,Mouse,Electrónica,1052.19,238.0
PROD_0476,Laptop,Electrónica,436.2,164.0
PROD_0754,,Electrónica,634.18,226.0
PROD_0859,Smartphone,Electrónica,1307.35,
PROD_0532,Monitor,Electrónica,1137.92,334.0
PROD_0508,Smartphone,Accesorios,1220.03,176.0
PROD_0765,Cámara,Computación,512.9,201.0
PROD_0806,Cámara,Accesorios,34.21,299.0
PROD_0364,Tablet,Computación,371.09,153.0
PROD_0471,Mouse,Accesorios,19.24,356.0
PROD_0366,Tablet,Electrónica,,304.0
PROD_0548,,Electrónica,288.95,475.0
PROD_0072,Tablet,Accesorios,1071.59,127.0
PROD_0772,Laptop,Accesorios,667.48,46.0
PROD_0160,Monitor,Electrónica,577.11,255.0
PROD_0556,Tablet,Computación,637.06,312.0
PROD_0621,Laptop,Electrónica,296.0,336.0
PROD_0177,Smartphone,Electrónica,821.42,86.0
PROD_0116,,Electrónica,425.51,168.0
PROD_0741,Teclado,Computación,199.49,468.0
PROD_0890,Monitor,Accesorios,,84.0
PROD_0519,Mouse,Electrónica,714.91,246.0
PROD_0824,Tablet,Electrónica,1327.96,489.0
PROD_0370,Tablet,Electrónica,,372.0
PROD_0469,Monitor,Electrónica,593.12,462.0
PROD_0914,Mouse,Accesorios,789.4,304.0
PROD_0841,Cámara,Electrónica,1473.4,252.0
PROD_0263,Monitor,Electrónica,156.84,358.0
PROD_0063,Mouse,Computación,1185.0,214.0
PROD_0240,Laptop,Accesorios,688.36,20.0
PROD_0993,Monitor,Accesorios,,53.0
